1155,announcement,new book, fridman,maikau,50,,
96,definition,clean," Hess, Zachary","Chs, Louis; Kipo",116,,
692,announcement,chat room, mausi,-,21,,
54,vignette,my everything,-,-,4,"sitelen pona, no clear",
82,vignette,nothing happened,-,-,111,,
83,translation,B Gen 11;1-9,-,-,244,Babel,
84,translation ,sp Mario Savio,-,-,98,,
85,instrution,odd sentences,-,-,103,,
103,chat,door of love,-,-,14,,
104,chat,mi pilin moli,-,-,8,,
162,vignette,sex talk,-,-,48,,
168,translation,epic gilgamesh & humpapa,-,-,2859,,
179,intro,archetype,-,-,317,,
201,chat,prayer,-,"Harness, John",65,Canadian Indigenous Script,
205,Translation,B Rev 1:1-6,-,-,240,,
206,translation,lyrics Perhaps,-,-,133,,
210,translation,prayer,-,-,125,,
211,translation,doxology,-,-,32,,
216,chat,speak tp,-,-,9,,
245,question,word e.t.,-,"sewe, Sasser, Johnathan",24,,
252,fairy tale,goldilocks,-,-,846,,
260,maxim,thought kills talk,-,"sewe, pilo, Zonzeani, Paco",37,,
261,maxim,love is strong,-,sewe,23,sp,
288,Fairy Tale,Hansel and Gretel,-,,1054,,
305,maxim,quotes,-,-,66,,
321,annoncement,rules of tpty ,-,-,53,,
323,translation,lyrics Here comes a thought,-,-,331,,
324,meme,kulupu,-,flear,24,,
332a,vignette,tenasi,-,-,233,,
333,translation,B GEN29:15-28,-,-,366,Jacob & Laban,
335,announceent ,game,-,-,40,,
338,joke,moku,-,campbell,13,,
345,meme,ken ala,-,"Korti, Veej",27,LoTr or GoT,
362,chat ,Lojbanist,-,-,34,*,
390,translation,poem Cantada,-,-,85,"Calcanhotto, Adriana",
420,greeting,jan sin,-,-,15,*,
426,tale,Piluje blue bug,-,-,1086,*,
430,chat,"why""",-,-,30,,
431,chat ,"Kent, etc.",-,-,614,,
432,chat,wann talk,-,-,32,,
433,chat ,work day,-,-,32,,
435,chat,Argentine etc,-,-,190,,
436,discussion,existence is bad,-,-,381,,
437,discussion,god exists?,-,-,338,,
438,discussion,god exists?,-,-,344,,
439,chat,who's there,-,-,10,,
440,chat,tp etc.,-,-,357,,
441,announcement,server rules,-,-,76,,
466,chat,tp over eo,-,-,22,,
492,vignette,Always tru,-,-,264,,
493,vignette,arrest,-,-,155,,
425,fairy tale,sintelela,-,-,,,
501,announcement,delay,-,-,38,,
515,poetry,song Dirty,-,-,98,,
517,fun,start game,-,-,77,,
537,tale,rounds,-,-,56,,
548,announce,story Sawe,-,-,88,mali?,
576,vignette,toilet training,-,-,298,*,
595,tale,tili 1,-,-,394,,
667,chat,news of the world,-,-,358,,
671,question,puzzling sentences,-,-,64,,
729,poetry,sone Love me,-,-,71,,
731,poetry,song crash death,-,-,36,,
799,education,illustrative sentences,-,-,592,,
800,vignette,meeting,-,-,109,,
976,chat,Gatsby,-,-,5,,
1072,chat,miscellany,-,-,1424,sp,
1083,announcement,forums don,-,-,55,,
1234,translation,warrioe prayer,-,-,70,,
1236,cartoon,robots,-,-,69,,
1248,tale,bad snake,-,-,305,,
1262,translation,"sonnet, spenser",-,-,82,,
1268,maxim, 4 truths,-,-,75,,
1328,vignette,"volapu""k",-,-,228,,
1331,translation,poem little bird,-,-,125,,
17,trad wishes,new years,- ,-,60,,
337,chat,sunset,- ,"sewe, sala",44,,
30,translation,song Man in a Queue ,? Kisina Ponko?,Pilo,116,,
1012,wile sona,A'lvaro,"A'lvro, jose'",kipo,16,,
625,announcement,tp telegram,aaral,-,222,,
372,meme,toki ike,abdo,"kipo, wesman, ddii, jbs",94,,
194,question,wor din two days,"Abdo, Abraham","jbs, wiki",56,,
334,meme,GoT Not speak,"Abdo, Abraham",-,15,,
640,chat,why tp,aethercrx,jan-david,23,,
475,chat,"what, where",aetherstar,nowa,192,,
1073,chat,tp computer book,agorism,"mali, [deleted]",160,,
329,intro,Velasquez,"Aguilar, Jonathan Edwardo Vela'squez","musial, kipo, Kama,Chase  Brown; sewe",51,*,
5,status,tale,"Ahmad, Samuel","Hyatt, James; Kipo",82,,
175,Fairy tale,Death and the Gardener,"Ahmed, Samuel","Kipo, mali, morelli",468,,
1135,chat,ccigarette warnings,akesi_ante-_kule,"ozefroze, pusa, sewe, anonymous,toto, neerett",285,,
907,chat,don't cheat w/ Eng,"Akman, Devin","kipo, pilo, sewe,jbs",265,,
455,chat,wile toki,akuna,-,15,,
507,chat,dubbed carton,alberto,"d.von regenschirm; fearofthemonster; astrodonunt,blacke chan; vuk markovic2; ",97,,
541,vignette,granny narcs,"Alvarez, Armando",-,105,,
594,vignette,various,anay,-,127,,
593,chat,sleep tea,anaya,kipo,58,,
806,greeting,mother's day,anaya,-,18,,
817,discussion,human right,anaya,kipo,264,,
819,greeting,ny wish,anaya,kipo,38,,
821,chat,"greet, etc",anaya,"joop, kipo",66,,
592,vignette,projects,"Anaya, Luis",-,80,,
1108,chat,schoolwork,andiard,fridman,58,,
565,discussion,new house,andree,"jbss, sewe, hansberry pilo, kipo, jona, anjo",322,,
603,announcement,140 character Bible,Andree,ddii,130,,
709,chat ,toki ,andree,"sotan, pilo, kipo,hansberry",240,,
824,chat,school,andree,"jbs, ddii, jona",54,,
889,chat,speak well,andree,"campbell, kipo, engelhardt",60,,
898,vignette,baack to school,andree,"ddii, jbs",45,,
1201,question,tp music,andree,"mali, hansberry",99,,
1210,translation,B Gen 4-8 precis,andree,-,245,,
1212,precis,B Gen 9-25,andree,-,852,,
1213,precis,B Gen 1-3,andree,-,106,,
1214,precis,BGen 26-50,andree,-,1216,,
28,fun,movie game,"Andree, Devan","Gorza, Zoltan; Birns-Sprague, Joahua; Kramer, Nicole",311,,
1105,discussion,learn esperanto,andriard,"rodericus.myopenid, pne, sewe, salikh",231,,
1231,maxim,miscellaneous,ang,-,103,,
156,definition ,word unpa,anonymous,"oyd11, futubachen",65,,
1180,question,translating lit,"anonymous,","wiki, gustaf_mc",106,,
1190,announcement,sonja chat room,ante,-,14,,
1191,announcement,tp in psych,ante,"sewe, pusa, anonymous",115,,
90,maxim,i am god,"Anthodny, Michael",-,19,,
1045,status,got pu,aoke,"sonja,Gusova, masha; kipo",50,,
1197,status,got pu,aoke,"sonja,Gusova, Masha; kipo, Khomiakov",82,,repeat
1162,announcement,tp song,arono,"goulo, rdmiller, vorobey",329,,
508,script,dubbed video,astrodnunt,-,335,,
513,status,other languages,"Auguste, Korantin",-,82,,
number,type,topic,author,commentator,word count,comments,
97,fun,riddle,"Baldwin, Joshua",-,54,,
812,intro,Josi,"Baldwin, Joshua","Has^imoto, Jos^ito; erixon, BRadley, Melissa; joop",342,,
1023,question,mi mute li,"Baldwin, Joshua",kipo,61,,
1166,question,noone on irc,baras,cxielamiko,95,,
1167,intro,roberto,baras,"rdmiller, negativeclock, janmate",91,"wiko, wopeto",
355,question,where from,"Baruj, Michelle, Sussi Kuld","Jbs, campbell",97,,
174,translation,B Gen 1,Barzel,"liehappo, Dennis; oli, pilo, sami, jona,mali, kipo",871,Creation 1,
423,fairy tale,LRRH,barzel,-,158,,
171,translation,haiku anthology,"Basho, Josha, Isha, Jarranz, Amparo; julius, jan-ante, Kulisa, Mali, Pilo, Hansberry, Kipo, Schinella, Eleonora; Coronado, Peter; Josuwa","lie hap po; jan-ante, kipo, lxrfury, Julius, kipo, ",981,,
1272,translatio,two paths,"Beaudet, jeremy",-,21,,
627,question ,sp library,"becan, julien",-,11,,
1255,translation,poem caged bird,"Beckers, Remco",-,54,,
1281,meme,knights,"Belcher, taylor",-,20,,
48,recording,vocal tp,"Bell, Nikio",Jona,25,,
111,definition,word mun,"Bell, Niko","ddii, Campbell, Thomas, Stuart; Sala; jbs; Kipo, Pilo; sewe;",916,,
1227,translation,isopanishad,"bello, kevyn scott kateri calanza",-,819,,
1267,chat,urantia,"Benoit, Martin",-,32,,
135,chat,ruined waiter,"Bergstrom, Jenne","Sotan, Kipo",23,,
1241,intro,Boese,"Boese, Daniel eliot",-,109,,
144,intro,matt,"Bohnhoff, Matt",- ,21,,
1130,trad,ny,boomdeyadette,"ozefroze, rdmiller3, toto1980",27,harutake,
1099,wile sona tp,tp,bradfornd,-,7,,
813,question,who here,Bradley,"Yimchaloi,Urk; joop, kipo, anaya",131,,
816,chat,carrot salad,bradley,"mato, kipo",93,,
684,intro,miguel,"Breseghello, miguel",campbell,19,,
472a,chat,corrections,brillant,kipo,97,,
966,vignette,birdhouse,brough,"pilo, sewe",99,,
967,discussion,spiritual exercise,brough,"kipo, mali, pilo",190,,
542,vignette,veg patch,"Brough, Adam","Wegesin, Maixime, kipo, Howlett",152,,
703,chat,memrise,"brough,adam",-,21,,
344,chat,toki nasa,"Brown, Chase",ordare,26,,
265,maxim, fun is positive,bs,ddii,14,,
984,question,eng group,"bundy, callum","Casas, Bryan, kipo",114,,
161,question,moku kili,Bur_Sangiun,AetherCrux,9,,
977,meme,goodfellas,"butina, ben",-,3,,
979,chat,sete,"butina, ben ",-,10,,
975,meme,dead people,"butina,ben",-,5,,
991,greetings,"eo, tp","Calebe de Jsus, Tarik","kipo, Baumruk, Spencer; tihonov, mali, ",83,,
903,vignette,malala,cambell,jbs,47,*,
271,joke,namako,campbele,"sewe, sala, Zouzalik, Vaclaw",32,,
113,ojke,noka,Campbell,"Kipo, Mali, Hansberry",200,,
316,joke,olin,campbell,"sala, tihonov",53,,
512,vignette,blue heron,campbell,"Gardian, Uriel; pije",34,,
547,vignette,gardens,campbell,"mali, sewe",234,,
586,vignette,World Women's Day,Campbell,"sala, jbs, Hansberry, sewe, wiki",972,*,
837,chat,birds,campbell,"sala, sewe, puddu,wiki",304,,
880,chat,sun!,campbell,-,3,,
881,chat,autumn,campbell,"sewe, mali, Federova, jbs, kipo",325,,
888,vignette,washington,campbell,"engelhadt, ddii, kipo, jbs, puddu",326,,
900,chat,hummingbirds,campbell,"morgenroth, kipo, hrafn, puddu, hansberry",355,,
901,chat,missing joke,campbell,joop,14,,
946,joke ,mocu,campbell,miles,16,,
964,chat,cats,campbell,"sotan, tikhonov",223,,
707,chat ,tp in hospital,"campbell, ","Keita, Soundjat, Rtiht, Vinski",31,,
95,joke,restaurant Insa,"Campbell, Anne","Kipo, Hansberry, Christa, Sewe",212,,
42,discussion,"women, computers","Campbell,Anne","Sewe, Hansberry, Christa",314,,
112,chat,jan nanpa wan,"Can, Faith Emre","Tihonov, Sergey",21,,
965,chat ,minecraft treehouse,"can, faith emre",-,15,,
1237,fun,dark spirit,CapitanKomamura,Adamsson,219,,
1006,trad,holidays,carbajales,-,15,,
1013,vignette,spn election,Carbajales,kipo,111,,
1265,maxim,spidey,carbajales ,-,11,,
992,maxim,choice,"Carbajales,adria'n",-,9,,
204,chat,question,"Carraasco, Daniel Diaz",jbs,68,incomlete,
151,definition,tenpo mun,Casas,"Soan, kipo, moreira",96,,
52,Announcement,fun page,"Casas, Brian",-,53,,
99,criticism,no sp for kin,"Casas, Bryan",Kipo,147,,
540,script,dub tokiponade,"Casas, Bryan",-,227,,
738,poetry,2 songs,"cedric, Polina",kipo,287,sp,
988,intro ,polina,"cedric, polina","kipo, musial",80,,
1079,intro,celina,celina,"sapcenut42, mali, adamsson",152,,
1129,tale,wind and sun,"Chapman, aaron","sewe, pusa, toto",345,arono,
349,discussion,tp as med,chase,jbs,116,,
367,announcement,new site,chase,-,65,*,
388,question,letters,chase,"jbs, kipo",82,,
406,question,how long tp,chase,"satirani, moreira",141,,
596,announcement,wikipesija,chase,-,60,,
3,announcement,talk on tp,chuff,algorism,51,,
387,joke,Pocatello,"coffey, nathan",moreira,25,*,
720,chat,pu jokes,"Coffey, Nathan","eads, campbell, jbs",38,,
89,discussion ,pona ala,contrum,dommitor,23,,
91,usage,ilo toki,contrum,"Mali, glottal-stop, dommitor",54,,
914,axim,knowing,cools,kipo,82,,
920,meme,easy and right,cools,"hess, jona, kipo",84,,
983,greeting?,women good,cools,musial,15,,
1301,poetry,i want,cools,-,96,,
672,intro,wile sona,"cools, bram",wojciech,27,,
8,wile sona,-,"Cools, Brian","Kotwica, Wojcech",11,,
393,meme,jan pona,"cools, chase, sokolowski",,51,,
864,chat,sore throat,"crom, james","jbs, miles",41,,
999,poetry,poem sunshine,"Crom, James",-,45,,
495,intro,Eddy,"Cruz, Eddy","Bell, Kevyn Scott Kateri Calanza; liogab11",155,,
1030,chat,"schoo, numbers",curious electric,"la-taun, ysadamsson, balson,",276,,
1147,question,"ale/ali, etc.",cxielamiko,"sewe, tot",544,??????? ????????,
1238,translation,paternoster,danny-boy5421,jan-david,129,,
786,vignette,garden,dave,-,,,
146,question,compound indirect object,"Davis, Susan","Voight, Helmut",,not finished,
130,invitation,learn tp,"Davis, Susan, ","Phillips,Naomi; Mato",42,,
73,fun,ouzzle,ddII,"Sotan, Sewe",204,,
109,definition,month names,ddii,"Sewe, Kipo, ??????? ???????; Wegesin, Maxime",436,,
134,discussion,lws make crimes,ddii,Engelhardt,176,,
157,announcement,language contest,ddii,"jona, sala, hansberry,mali",219,,
222,announcement,tenlan,ddii,"Hughes, Dylan, Resmer, perdot",30,,
231,question,when use tp,ddii,"Zouzalik, Vaclaw; campell, jsb, Sailer, Manfred, rudin, wiki, kramer, sewe",179,,
234,announcement,size of tpt,ddii,"kipo, sewe",68,,
240,chat,word use,ddii,"pilo, niko, joop, kipo",150,,
244,writing,other scripts,ddii,"puddu, sewe hansberry, Silversides, harry",85,"greek,cyrillic",
246,maxim,keep correcting,ddii,-,6,,
263,vignette,prof & pet,ddii,-,398,,
264,chat,gibberish,ddii,kipo,33,,
266,maxim,knowledge has a hole,ddii,"sotan, pilo",144,polish,
277,question,tp names,ddii,see spreadsheet,450,,
301,discussion,word disassemble,ddii,"kramer, kotwica, kipo, jbs, miles",66,,
304,announcement,change speech,ddii,-,27,,
320,maxim,teaching,ddii,"wesman wesman, leclerq",75,,
322,chat,lst mind,ddii,-,4,,
351,chat,moku tp,ddii,sewe,37,,
354,chat,time changes,ddii,kipo,153,,
356,chat,teaching,ddii,"wesman, wiki",92,,
374,chat,"wawa, toki ",ddii,"jbs, jona, Raaberg,Josefine Dagmar; wiki",129,,
383,maxim,love destroys war,ddii,"jona, eads, moniz",59,,
450,chat,etc,ddii,"kise, waso_pimeja, jona, kile, tonjo, enwijan, maliku, kaju, ato,wiki, same,",839,,
471,chat,discord,ddii,krsticevic,29,,
600,announcement,code renderers,ddii,-,36,,
604,meme,tp boggle,ddii,sewe,16,,
605,fun,name tiles,ddii,"henry william, sewe",132,,
606,discussion,more people that word,ddii,kipo,66,,
607,chat,only tp,ddii,-,34,,
609,announcement,tpt logo,ddii,"Lê Hoàng Kim D??ng, calev, jona, kipo, mali",567,,
622,announcement,talk anew,ddii,-,4,,
623,announcement,telegram,ddii,"jona, mali",123,,
652,discussion,corrections,ddii,"sotan, sewe, hansberry, niko, taylor, jbs, kipo",1261,,
657,question,x ala x,ddii,"sewe, moreira, campbell, mali",100,,
665,announcement,new tool,ddii,-,30,,
675,greeting,toki,ddii,"harness, john",2,,
706,chat,inli' in sp,ddii,"sotan, kipo, mali, hansberry, tikhonov, Schmidt, Samuel",224,,
723,chat,tp sites,ddii,-,34,,
734,fun,game jan anpa,ddii,"mali, jbs, Morell-Fourier, Ke'vin, kipo, Dupelev, Vladimir",168,,
744,discussion,name of tpt,ddii,"jona, campbell, Kraticevic,Ivan; mali, sewe maow",378,,
802,maxim, love,ddii,"jona, eads",37,,
834,question,favorite food,ddii,"tihonov, sewe, sala, kra""mer, Thomas, Stuart; jbs,",343,,
887,chat,tp and families,ddii,"engelhardt, campbell, jbs, ona, tihonov, mali,ansberry, kipo, devilliers,",739,,
940,meme,Jesus protects,ddii,"engelhardt, schmidt,  tikhonov, kipo, jona,mali",395,,
956,announcement,tpt execs,ddii,"jona, niko, kipo,hansberry",431,,
957,discussion,correction,ddii,"tikhonov, engelhardt, kipo, jonah",331,,
962,discussion,punishing eng,ddii,jona,160,,
1198,question, origin kepeken,ddii,kipo,57,,
71,proposal,language contest,"ddII;
"," Jona, Sala, Hansberry, Christa; Mali",215,,
832,announcement,tp page,"de la Verdie\re, Sylvain-Rene'",puddu,116,,
519,status,what langs,deuston,"christa627, impgristle",943,,
754,poetry,lizar,"DeWitt, Bill",-,33,,
679,wile sona,andres,"Die'guez, Andre's","kipo, hansberry, mali,pilo, jbs",581,,
610,announcemnt,tpt numbers,dii,"kipo, sala",19,,
110,chat,mu,dommitor,"terpomo11; AetherCrux, Nankazz;",-,,
467,chat,New England,dr radical,socks,60,,
419,vignette,alexander,Dunnewind,-,234,*,
867,chat,oh!,duong,mali,53,,
126,definition,word wawa,D??ng,"Engelhrdt, Sala, Kipo",54,,
44,what langs,sign lang,"Eads, Andrew","Soley, Aaron; Sewe; Flear, Mali",162,,
235,question,firt language,edmund,"sewe, rudin, hansberry, jbs, preidot, Moniz, Ryan",364,,
486,chat,etc. music,Ejewa,"Kisi, Koli, Kawa, kwiatowa, ??? ????-, xlute, socks, 
",694,,
127,joke,wawa coffee,Engelhardt,"Moreira, Sala",78,,
296,vignette,flood,engelhardt,"moniz, kipo, morante,ddii, sala, sota, rodriguez-russo, carlos; wiki",237,,
685,greeting ,good group,Englehard,-,5,,
763,poetry,poem all my words,enwijan,-,431,,
969,meme,eat sweets,enwijan,-,5,,
978,meme,good week,enwijan,sonj,10,,
1322,translation,poem waso walo laso,enwijan,kipo,63,,
808,question,site dead,erixon,"kipo, hansberry",118,,
809,question,want to talk,erixon,"kipo, hansberry",419,,
810,intro,Gabriel,erixon,"kipo, keita soundjat",97,,
1024,question,group dead,erixon,"kipo, hansberry",144,,
1041,offer,postacrd exchange,erixon,balson,67,,
1271,translation,analects,"Evans, Micahel",-,69,,
631,tale,Jingwei,"Evans, Michael","kipo, chs",133,,
746,question,tp in DC,"Evans, Michael",-,15,,
1208,translation,ddj 1,"evans, michael",-,36,,
1189,intro,arono,ewen,-,77,,
980,chat ,dix pix,fabbri,"kipo, pilo, mato",85,,
981,maxim,various,fabbri,-,46,,
1278,translation,B Jame3:2,Fabbri,-,35,,
1279,translation ,B Phill3:21,Fabbri,-,50,,
1251,maxim,Nietzsche,"Faria, Gustavo","pusa,Waldron, Saechiew, Pakkaphon; moreira, kipo, pije, joop",163,,
1263,translation,story egg,fav,-,1306,,
1244,complaint,bad translation,fearofthemonster,"ariodante(ITA), Oostelbos, Vincent; Baldwin, Joshua; firstname secondname",101,,
154,question,talk about,"Ferrari, Ashley",-,17,,
997,trad,b'day,ferreira,mali,95,,
143,chat,pages,ffuentes,impgristle,210,,
446,chat ,word namako,ffuentes,"peka, sitepan, nowa",383,,
13,proposal,flag for tp,Flaming Obsidian,TepanNetaPelin; Kipo,182,"Schneider, Stephen",
1078,fun,tpgame,flaminius,ysadamsson,,,
670,translatio,key star wars,flear,-,55,,
758,poetry,song mi moku,flear,"kipo, wiki",110,,
25,vignette,monster,"Flear, James",-,46,,
27,fun,tongue twister,"Flear, James","DiMercurio, Dominick II, Brown, Sarah",71,,
29,fun,tongue twister,"Flear, James","William, Henry; Gorza, Zoltan",171,,
485,chat,Pepe the frog,fnt,"kwiatowa,Lute, Seni, Wesuman, ?? ??-, Ejewa, koli, socks, WFSDiscord, ?? ?????, Maliku, Kawa, ",567,,
238,intro,Gino,"Forma, Gino","kipo, jbs",32,,
861,meme,toki pona,fourrier,"claev, kipo",139,,
268,poetry,cold,"Frazier, Wes",-,25,,
326,mxim,golden rule,"Freij, Yazan","pilo, ddii,jona,kipo, rhine-davis,",219,,
973,poetry,mess with you,"Freshwater, jason",jbs,28,,
765,translation ,poem by Mistral,fuentes,-,64,,
995,question,penpal plea,fuentes,-,94,,
1033,intro,fuentes,fuentes,"kipo, musial",88,,
1034,into,pansiko,fuentes,-,117,,
1040,wile sona,tp,fuentes,balsong,162,,
20,news,Haiti disaster,"Fuentes, Francisco","Flear, ames",104,,
682,intro,fuentes,"Fuentes, Francisco","campbell, kipo, devillers,gilles; Guimara""es,Matheus",155,,
1277,maxim,marx,"futrelle, joe",-,8,ss,
132,chat,sleeping dog,"Futrelle, Joe -",-,16,,
894,chat,killer,Geigawe Younes,"woijciech, musial, hansberry",45,,
796,inro,Riccardo,"Genova, ricky","enwijan, Destree,Jean-luc; pusa",224,,
226,question,plural,"Gill, Rob","sewe, niko, kipo",76,,
239,fairy tale,rainbow,"Gill, Rob","jbs, ",156,,
241,question,from Italy?,Gino,"sewe, campbell, puddu, moniz``",134,,
255,question,word blind,gino,"sewe, kipo",108,,
1057,intro,vag,"Gk,Varg",-,15,,
1254,maxim,one small step,gleb,-,13,,
64,meme,balloons,gleki (in lbj),"Tihonov, Sergey",27,,
1076,complaint,bad videos,glotal_stop,-,20,,
893,discussion,human if what,gorza,"kipo, hansberry jbs, jona, mali, pilo,",159,,
18,announcement,tp taso site,"Gorza, Zoltan","Sienna,Yonah",244,,
1174,vignette,gift mouse,goulo,"wiko, arono, blahma,Andrxej5335",160,russ,early sp
985,intro,teres,"Green, teresa yates","musial, kepo",11,,
1149,intro,Christopher,gullinbursti,"cxielamiko, sewe, pusa",250,Kiwisa,
823,chat,mishmash,"Gysel, tom",daraffa,397,,
1022,quuestion,who reads,"H, oscar","kipo, hansberry",155,,
200,maxim,only people,Hansberry,"sewe, wiki",186,,
290,chat,can drive,Hansberry,"Campbell, sala, Chevez,Hector; wiki, sewe",88,,
534,vignette,red rocks,Hansberry,"Martinez, Juan delCastillo; sonja, Esperanto, G^enh^ul; kipo",90,,
539,poetry,haiku wind,Hansberry,"Futrelle, kipo",50,,
543,joke,Lojban,Hansberry,"kipo, ????? ???",207,,
545,vignette,snow,Hansberry,"Waldron, Phillips, Naomi; Campbell, kipo, Stutz,Chris",286,,
553,vignette,tents,hansberry,"campbell, engelhardt, phillips, kipo, sewe, jbs, zouzalik, vaclaw;",539,,
564,discussion,sunburn,hansberry,"campbel, Andree,Devan; jbs, sewe, pilo, ",404,,
566,vignette,nude mole rat,hansberry,"pilo, campbell, hrafn",161,*,
582,vignettte,bookshelves,hansberry,"Kirkpatrick, Shawn, sewe, sala kipo, Castelbou, Se'basti'en, jbs",143,,
589,discussion ,sweets,hansberry,"campbell, kra""mer, sotan",157,,
617,announcement,oral community walk,hansberry,-,72,,
655,discussion,PI,Hansberry,"sala, ddii, puddu, engelhardt, sewe, jbs, ",1338,,
728,chat,sone Sunshine,hansberry,"pendragonne, erixon",34,,
794,poetry,poem morning,hansberry,"kipo, becan",87,,
804,hat,"site, paper, etc.",hansberry,"kipo, koala, j^ames^, kuti, mato",820,,
838,chat,old computers,hansberry,"sewe, campbell, jbs, puddu, tihonov,",196,,
845i,vignette,bookcases,hansberry,"sewe, sala, castelbou, jbs",149,,
869,chat,snow,hansberry,"sonja, ???, brindle, sala, miles, mims, kipo",148,,
871,complaint,large print,hansberry,"tihonov, campbell, pilo, ??? ",80,,
933,chat,stay well,Hansberry,"mali, stutz",63,,
953,vignette,snow,hansberry,stutz,62,,
954,chat,what do examples,hansberry,"hyett, kipo,cambell, ddii, stutz, niko, tikhonov, jona",848,,
1003,meme,joke sentences,hansberry,"musial, carabajales",42,,
1007,vignette,candy,hansberry,"hess, kipo",47,,
1021,status,good news,hansberry,kipo,63,,
1032,announcement,tp on verduloj,hansberry,-,40,,
1038,discussion,klingon sounds,hansberry,"kipo, khomiakov",95,,
1042,chat,kittens,hansberry,"campbell, musial Dias, Shylton; Ordsson, Aoke; Manrique, Marco; Molchanov, Aleksej; mali, Cruz, Gabriel Edilberto",86,,
1195,trad,sonja's bday,hansberry,kipo,22,,
1318,poetry,hymn adeste,hansberry,-,39,,
1332,translation,song,hansberry,-,25,,
270,chat,heat,"Hansberry, ","sala, moniz sewe",57,,
23,vignette,learning to drive,"Hansberry, Christa","Campbell, Anne; Birns-Sprague, Joshua; Ganachaud, Serge, DiMercurio, Dominick II",121,,
100,crticism,kin not a,"Hansberry, Crista","Campbell, Anne; ddii, litill hrafn, Kipo; Engelhardt, JosephnGary; Pilo",129,,
661,question,books in tp,"Harrod, Thomas","sewe, kipo",55,,
50,translation,poemwaiting to be dead,"Hart, J D",Anjo,91,,
721,welcome,Fre'deric,Hauguel,ddii,34,,
445,chat,etc,helloichbinder,"nowa, ffuentes, soweliPeka",90,*,
680,intro,matheus,"Henrique, matheus",kipo,17,,
691,intro,Matheus,"Henrique, Matheus","puddu, wiki, jbs, enwijan, moreirai",185,,
697,status,spanish,Hess,"kipo, Martinez, Juan del Castillo, Musial, ",80,,
896,discussion,anakapa,hess,"campbell, kim, kipo, jbs, engelhardt",243,,
989,question,cs tp book,hess,kipo,74,,
766,translation,limericks,"Hess, jbs",-,45,,
163,writing ,Bulgarian,"Hess, Zachary","Thomas, Stuart; ddii, kipo",32,,
526,vignette,Mexico,"Hess, Zachary",kipo,89,,
549,discussion,spectrum of meaning,"Hess, Zachary",-,133,,
923,chat,pona picture,"Hickerson, Candice","campbell, jona, sewe",65,,
971,question,ma seme,"himish, jim","mali, sotan,Wilson, sam; Lohfink,adrien; cols, murr, hansberry, becan, Pe'rez, Andre's Briganti; Adamson, charles; misha, kipo, pikero,, jbs, Sinsema,",258,"Eduardo Balara, tihonov, ward-lee, Ptas^k, Me^to, pilo, Fabbri,Renato, Dunnewind, pusa",
293,vignette,skateboard,"Holm, Magnus","muniz, sasser, wiki, kipo",165,,
814,chat,talk to man,"Hooker, Alan","kipo, anaya",176,,
1067,chat,reddit,"horton, colt","p2p editor, openusername",23,,
559,discussion,brexir,howlett,"campblell, kipo, tihonov, Adamson, Charles; pilo",515,,
633,tale,giant turnip,Howlett,-,442,,
651,status,band,howlett,-,106,,
654,status,in 9 to 5,howlett,-,47,,
843,chat,hobbits and school,howlett,"kipo, hansberry, campbell, wiki, sewe, mali",398,,
924,vignette,car problems,Howlett,"kipo, tikhonove, sewe",306,,
1326,precis,hobbitt,howlett,-,74,,
68,fun,groups and songs,"Howlett, Chris","Campbell, Anne",117,,
618,question,oral comm,hrafn,"kipo, mali",216,,
621,discussion,tp govt,hrafn,"kipo, mali",268,,
678,intro,waso,hrafn,"campbell, ddii, jbs,kipo, hansberry, pilo",127,,
899,discussion,pets for pets,"hrafn, campbell, puddu, pilo, hansberry,sewe",,244,,
659,announcement,video (sound),Hyett,"kipo, sewe",154,,
131,joke,Ottawa,"Hyettt, James","sewe, Kipo",38,,
811,intro,Nole,"Ignacio, Noel Oliver","kipo, erixon",102,,
520,chaat,star wars,impgistle,"la-taun, deuston",351,,
516,chat,feeling bad,impgristle,"balsong, ffuentes",207,,
862,trad,ny,impgristle,"balsong, fuentes",79,,
1250,poetry,song bohemian rhapsody,itterman,-,125,,
1249,maxim,money,"Itterman, Criss",kipo,69,,
1068,discussion,Yahweh,jan-david,ysadamsson,,,
1069,intro,jan-david,jan-david,-,32,,
1239,chat,sins,jan-david,-,62,,
1077,fun,palindromes,janek37,ysadamssonn,62,,
46,discussion,holon,JB-S,Flear,73,,
66,announcement,word game,jbs,-,49,,
67,fun,question game,jbs,-,65,,
75,maxim,april showers,jbs,"Sewe, Sala",89,,
88,discussion,holon,jbs,"Mali; Engelhardt, Joseph Gary",86,,
123,chat,may day,jbs,"Eads, Andrew; Tihonove, Sergey; Sotan",67,sp,
191,meme,head on toki ike,jbs,"sewe, sala",33,,
207,chat ,Cake band,jbs,-,17,,
208,chat,badly drawn boy,jbs,"sewe, pilo, kipo, Miles, marcus",85,,
212,translation,poem kama sona open mi,jbs,-,137,Walt Whitman,not finished
223,vignette,cake concert,jbs,"sewe, campbell",221,,
230,chat,Texas,jbs,kipo,39,,
250,maxim,"hurt people, pu",jbs,"moniz, wiki, ddii, kipo",161,,
257,news,UK/ EU,jbs,sewe,105,,
274,translation,poetry Metaphysics,jbs,-,43,"Ginsberg, Alan",
278,vignette,oboe,jbs,"Crom, James",87,,
280,chat,all moon dust,jbs,"sewe, wiki, kipo, Sokolowski",117,,
312,chat,tp power,jbs,-,31,,
314,meme,sweet goo,jbs,kipo,43,,
318,maxim,what is moku,jbs,-,92,,
327,maxim,law about power,jbs,"ddii, zonzeani, pilo, kipo, mali",196,sp,
348,maxim,ijo ante,jbs,-,57,,
373,chat,kids in hall,jbs,chase,34,,
405a,chat,red sox,jbs,campbell,56,,
554,vignette,weight loss,jbs,"campbell, tihonov, sew",234,,
556,discussion,thinking about death,jbs,"sewe, kipo, mali",255,,
558,vignette,spiders,jbs,-,114,,
561,vignette,skunks,jbs,"Englehardt, sewe, kipo, campbell, hansberry",516,,
563,poetry,stars in jars,jbs,kipo,243,,
568,vignette,b'day,jbs,"kipo, mali",236,*,
571,maxim,fortune cookie,jbs,"Engelhardt, pilo, kipo",96,,
580,vignette,rough voyagw ,jbs,kipo,197,,
599,maxim,law ia power,jbs,zonzeani,64,sp,
632,tale,colorful fish,jbs,-,216,,
711,discussion,why tp difficult,jbs,hansberry,118,,
735,poetry,Montale,jbs,"Bonviro,S^ino Mejo; kipo",208,,
762,discussion,feelings,jbs,-,113,,
764,poetry,ddjish,jbs,-,84,sp,
771,poetry,poem o open lon pini,jbs,sewe,85,,
772,vignette,breakfast,jbs,"mali, kipo, sewe",166,,
787,maxim,nothing,jbs,mali,145,,
833,chat,richard simonds,jbs,sewe,61,,
845f,chat,solstice,jbs,-,20,,
853,maxim,feelgood,jbs,-,34,,
859,discussion,dirty air,jbs,"sala, Morel-Fourier, kipo",344,,
863,trad,solstice,jbs,sala,25,expands 845f,
870,chat,2017 election,jbs,"engelhardr, campbell, tihonov, kipo, gorza, trzemecki, sewe",574,,
875,chat,prayer,jbs,gorz,33,,
876,chat,new viewpoint,jbs,"Davies, Bob",62,sp,
877,chat,baseball,jbs,"fuents, sewe",113,,
891,trad,labor day,jbs,-,26,,
892,chat,door salesmen,jbs,"mali, campbell, kipo",146,,
895,chat,community,jbs,-,83,,
912,chat,weather,jbs,"hyett, campbell, sewe,pilo, kipo",604,,
919,chat,snake,jbs,"Morelli, Gilberto Caracciolo, kipo, waldron, Pikero,Francisko; sewe, Lotkriid, Nindovith; fuentes, maow, hraafn",230,,
931,maxim,if one is nothing,jbs,-,16,,
905,vignette,red sox,jbs,campbell,54,,
1275,translation,kids who die,jbs,-,387,,
1283,translation,tollbooth,jbs,-,357,,
1284,translation,zapp,jbs,-,46,,
1288,translation,wld things,jbs,"tikhonov, kipo, Nousen,  Andy",467,,
1289,translation,coelho,jbs,-,156,,
1290,translation,coelho2,jbs,-,221,,
1292,translation,Hughes,jbs,-,83,,
1293,translation,i m rock,jbs,-,189,,
1298,maxim,od man and sea,jbs,"jona, campbwll, mali, kipo",138,,
1303,maxim,bad person,jbs,-,18,,
1304,"translation, ",ring  song,jbs,kip,139,sp,
1306,maxim,moby dick,jbs,pilo,79,,
1307,poetry,song Goodbye blue sky,jbs,-,120,,
1308,maxim,girl not command,jbs,-,20,,
1311,poetry,"song, breathe",jbs,kipo,263,,
1312,poetry,poem syria,jbs,kipo,200,,
1314,translation,pigeon bath,jbs,-,440,,
1317,translation,night watch,jbs,-,92,,
213,intro,Dwight,"Jenkins, Dwight","jona, sewe, sala, Carrasco",75,,
1098,question,compound word,"Jensen, James Mitchell","priestofmemory, sewe",293,,
644,discussion,many tps,johna,"campbell, ddii,",373,,
434,chat,tp for friends,jojo,kipo,94,,
278a,intro,Jon,Jon,kipo,68,,
289,translation,poetry Wander's song,Jon,-,42,Goethe,
225,chat,ma tp,jona,"campbell, sala",76,,
546,vignette,Passover,jona,"campbell, pilo, kipo, ",215,,
570,vignette,school begind,jona,"campbell, Devilliers, Gilles; kipo",203,,
585,vignette,ottawa,jona,"campbell, moreira, wiki, sewe",145,,
669,announce ,sone wanna dance,jona,flear,77,,
674,exclamation,a,jona,ddii,4,,
705,chat,tpt signup,jona,"ddii,campbell, kipo, hyett, stutz, hansberry",486,,
770,discussion,corections,jona,"sewe, anjo, kipo, mali, hrafn, ddii, pilo",1195,,
842,vignette,Ottawa,jona,"campbell, moreira, wiki, sewe",147,,
925,chat,"google+, oral",jona,"kipo, gleb, hansberry, sewe, mali",369,,
926,trad,mother's day,jona,-,6,,
1199,question,oral comm time,jona,"sewe, tihonov",58,,
1294,trad,against fear,jona,-,77,,
569,vignette,beach time,"jona, ","ddii, kipo, campbell,engelhardt, jsb",125,,
602,discussion,ISO application script,joop,-,176,,
745,announcement,chess group,joop,mali,51,,
801,discussion,large numbers,joop,"Janseger, PIeter, kipo",97,,
805,welcome,new site,joop,-,8,,
815,question,tokipona.org,joop,kipo,88,,
818,greeting,happy ny,joop,castelbou,14,,
1047,chat,going to etoso,joop,",kipo, pije, mali, musial, gleb",97,,
1062,question ,tp names,joop,"Coffey, nTHAN;  Szejko, jan; kipo, tihonov, hansberry",225,,
1090,trad,welcome,joop,-,40,,
1169,announcement,talk on SIM-IM,joop,-,24,,
1178,chat,sp,joop,"kamarod, lomeo, anonymous",45,,
1187,chat,new sp,joop,"lomeo, pendelschwanz",104,,
1188,intro,lapengvino,joop,"lomeo, arono",214,,
1193,greeting,tp site,joop,kipo,58,,
1194,announcement,sign lang video,joop,kipo,91,,
1334,poetry,drinking songs,joop,-,1253,,
1336,translation,"DDJ 1,2",joop,-,209,,
294,intro,markus,"jRanki, Markus","jbs, sala, ddii, sewi, eads, wiki",111,,
116,translation,April showers,jsb,-,35,,
199,tradition,Mothera' Day,jsb,sala,27,,
242,meme,winter,jsb,-,9,,
714,chat,healthy tp,jsb,kipo,88,,
937,discussion,politics 2017,jsb,"gorza,Baruj, Michelle susi Kuld, kipo, sewe, campbell, ddii",690,,
694,announcement,nomunisu,justonium,-,,not finished,
1075,chat,arranging skype,justonium,mali,233,,
298,translation,poem I Protest,kaja,-,1368,"Szilagyi, Ferenc",
472,chat,etc games,kaja,"aetherstar, nowa,ffuentes, peka tiera aean",,,
457,chat,what doing,kala,socks,98,sp,
1184,announcement,gtalk,kamarado,"ke, joop",82,"zenkov, ivan",
1185,announcement,pix,kamarado,ke,29,,
1186,chat,tp banner,kamarado,"lomeo, negative clock",80,,
1183,announcement,personal site,ke,"suiluj, autonuke",88,,
1216,translation,mul mantra,ke,rdmiller,180,,
845g,question,word too much,ke'vin,kipo,38,,
1171,complaint,noone to talk,keiscorner,"sonja, yohs, anonymous",271,Ke,
784,poetry,poem  pakala pimeja,Kesisi,"Trzemecki, Gleb; Brough, Adam; Torres de la Cruz, Johnatan Jose'",128,,
43,intro,Waliwd,"Khalil, Walied","Campbell, Anne; Flear, Jaames, DDII, Kipo",36,,
1044,chat,backgammon game,khomiakov,gleb,54,,
1036,chat,back of moon,"khomiakov, igor","sauer, jonas",50,,
970,announcement,etoso,khusanova,hansberry,7,,
613,announcement,amikumu,"Khusanova, elena; ","mali, hansberry, kipo",311,,
361,status,writings,kiah,"jona, hansberry, moreira, jbs, kipo",336,,
452,chat,other books,kiah,kipo,72,,
616,question,other books,kiah,kipo,140,,
710,chat,available writings,kiah,"moeira, kipo, mali",142,,
883,chat,bird tp,kiah,"tihonov, campbell, gleb",73,*,
1261,announcement,kiah's site,kiah,"flear, molchanov",189,,
1299,status,coming back,kiah,kipo,97,,
858,greetings,lina,"Kib, Aldofo","englehardt, kipo",17,,
510,vignette,sara visits,kip,-,241,,
635,fairy tale,jack and the beans talk,kip,-,754,,
722,welcome -,-,kip,-,13,,
7,welcome,-,Kipo,-,5,John E. Clifford,
34,trad wishes,kijetasantakalu,Kipo,"Sewe; Moreira, Antonio Lucas Araujo; Mato, Steenblik, Rick; ",213,,
37,discussion,"new words, kama e",Kipo,Sewe,20,,
47,translation,little fleas,Kipo,"Flear; Richardson, Matthew, Wiki",108,,
76,Fairy tale,Goldilocks,Kipo,-,514,,
79,Bedtime story,bears,Kipo,"jbs. Hansberry, Christa",528,,
86,criticism,ala,#NAME?,??????? ???????,427,,
129,joke,star wars,kipo,"Eads, Andrew; Mali, Wiki",83,,
140,discussion,word pilin,Kipo,"Bell, Pilo, Tikhanov",230,,
142,criticism,word pu,Kipo,-,102,,
173,fairy tale,Beaauty and the beast,kipo,"Bug^ra Bayaz; Nichols, John; Morelli, Pilo",482,,
178,vignette,Oliver meets Bill,kipo,"Mali, Tikhonov, Morelli",257,,
182,fairy tale,goldilocks,kipo,"Carlson, Bryce Leland; Koitwica, Mali, Morelli, Nousen, andy; Richardson, Matthew, Stutz, Chris; Swift,Paul Earl; Tikhanov, alexei",912,,
183,vignette,Superman,kipo,- ,103,,
184,vignette,Oliver & Maria,kipo,-,849,no english,
185,vignette,at the bank,kipo,-,419,extra stuff,
186,vignette,barter,kipo,-,411,no English,
187,vignette,at a bar,kipo,-,232,,
188,vignette,on a date,kipo,-,658,"n English, peters out",
189,vignette,at the restaurant,kipo,-,454,"not finished, no english",
228,chat,response to spam,kipo,mato,43,,
300,vignette,aphrodite,kipo,-,114,,
341,discussion,use/mention,kipo,-,92,,
342,chat,kama pona,kipo,-,18,,
378,fun,tonguetwister,kipo,-,6,,
413,vignette,reirement,kipo,"jbs, mali, moreira, mato",280,,
414,mem,dog?,kipo,-,46,,
415,announcement ,end collection,kipo,"moreira, r-d",205,*,
424,fairy tale,LRRH,kipo,-,1691,,
427,translation,nursery rhymes,kipo,-,176,,
429,fairy tale,three littlepigs,kipo,-,427,,
479,chat,pai sona pona,kipo,"jojo, niko",106,,
480,announcement,80th bday,kipo,-,37,,
483,chat,one lang,kipo,-,37,,
509,vignette,at market,kipo,-,218,,
525,question,using tp only,kipo,mato,182,,
626,announcement,100 in tpt,kipo,ddi,54,,
628,announcement,for tomo lipu,kipo,-,119,,
629,announcement ,tomo lipu,kipo,"jona, sewe",94,,
634,fairy tale,briar hedge,kipo,-,476,,
687,welcome,learn,kipo,-,9,,
695,welcome,Portugese,kipo,-,67,,
699,chat,tpin spn,kipo,-,88,,
702,chat,tp as private lang,kipo,chs,46,,
704,chat,starting tpt,kipo,"hansberry, sewe",58,,
716,chat,lojban lost,kipo,hansberry,55,,
725,discussion,anakapa,kipo,"hess, jbs, engelhardt",168,,
741,lesson, make tp name,kipo,-,684,,
775,poetry,limerick,kipo,-,112,,
820,discussion,title,kipo,joop,86,,
850,translations,pooh day,kipo,"campbell, jbs, musial, hansberry",180,,
852,vignette,flood,kipo,mali,155,,
1015,teaching,learn tp,kipo,"Alvrado, Eduardo",29,,
1046,discussio,measurements,kipo,-,87,,
1056,question,ti,kipo,swift,21,,
1063,vignette,nothin,kipo,-,126,,
1085,trad,sun,kipo,-,7,silipu,
1196,discussion,tp sounds,kipo,-,507,,
1200,audio,tp words,kipo,-,176,,
1286,translation,epic openers,kipo,-,94,,
1296,translation ,B Acts 2:1-11,kipo,-,254,,
124,joke,may day,"kipo, ","Engelhardt, jbs, Powell, Johnathan Alexander; sewe",131,,
136,vignette,stop me!,"Kipo, ","Mali, Jona, Pilo",,,
503,vignette,Haiti,kipo36,sewe,79,,
1066,status,reading Lope,knowyourknot,dresdom,399,,
974,meme,vegan power,"koch, danieu",-,11,,
487,chat,what doing,Koli,"Wesuman, socks, ?? ?? , Kisi, Kawa, tropical_axemabaro, kwiatowa, sotan",480,,
845a,complaint,things in house,koory,-,50,,
22,vignette,critters in house,"Koory, Michael",,50,,
845,criticism,things in house,"Koory, Michael",-,50,,
248,chat,colors of forest,Kosimo,kipo,58,,
81,definitions,tp-tp,"Kotwica, Michal","Jona, Pilo, Sewe",281,,
243,teaching tp,children,"Kotwica, Misha",sewe,200,,
681,intro,toma's^,"kracik, toma's^","kipo, mali",22,,
306,vignette,twins,kramer,campbell,56,,
313,statu,in movie,Kramer,-,14,,
955,chat,earth sprites,"kristen, alicia",-,5,,
10,status,4 hour learning,"Kristen, Alicia, ","Tikhanov, Aleksey",19,,
469,chat ,discord pro,"Krstacevic, Ivan","ddii, wiki",38,,
646,announcement,etoso,"Kusanove, elene",-,26,,
12,intro,-,Kutawo,Pije,49,"Gouveia, Gustavo","Knight, B. J."
847,question,wile jo meli,K? B?o Kim C??ng,mile,27,,
836,chat,many animals,K? B?o Nh? Trúc,"hansberry, sala, sewe",59,,
1025,chat,colored ss,la-taun,thechuff,46,,
1051,chat,music,la-taun,"ysadamsson, balsong",375,,
1084,announcement,nanowrimo,lajinsaedustaja,sew,51,,
1230,announcement,nanowrimo,lajinsaedustaja,"sewe, mate, kipo",206,,
459,chat,numbrs,languser,"pisce, socks",64,,
460,chat,what textbook,languser,socks,125,,
462,chat,done school,lasukan,kipo,41,,
464,chat,before Christmas,lasukan,jojo,272,,
159,chat,eat fish?,"Lawrence, Kenneth C.",kipo,12,,
69,instruction,chess,Lê Hoàng Kim D??ng,"Ward-Lee, Ruth: Mittelstadt, Piotr",198,,
70,instruction,modified chess,Lê Hoàng Kim D??ng,"Mittelstadt, Piotr; jbs",106,,
102,definition ,word kule,Lê Hoàng Kim D??ng,"????? ???; Sotan, Sala, del Rio, Juan Garcia; Ki?u Duyên; Anju; Puddu, Marco",127,,
845k,discussion,mi ale wile,Lê Hoàng Kim D??ng,"O'Sullivan, Michael; niko, kipo, phrank kim",104,,
865,maxim,wan ale,Lê Hoàng Kim D??ng,"ddii, kipo",15,,
866,chat,olin meli,Lê Hoàng Kim D??ng,"Mims, anthony; kipo, jbs",21,*,
868,chat,push,Lê Hoàng Kim D??ng,"sala, kipo",24,*,
308,chat,tp sites,"Le, Michael","ddii, jonah, jbs, rhine-davis",142,,
803,maxim,lucifer,LearnUseless tp,-,5,,
276,intro,leclerq,"Leclerq, Jean-Marc","sewe, ddii, Morel-Forrier,Kevin jbs",73,,
51,translation,lyrics Stairway to the stars,Led Zeppelin,"Moreno, Said",428,,
411,translation,chant haka,Legeard,-,53,* Maori?,
1029,meme,Paris,"legeard, valentin",-,11,,
1082,status,nanowrimo,"lihava, tosi",-,94,,
494,poetry,Crying in the dark,liogab11,-,43,"sowelikap11, pusa",
247,question,word cigarette,lipu musi,"sewe, sotan, sasser",26,,
125,joke,wawa,littel hrafn,"Campbell, kipo",591,,
282,intro,GiuianoCarlo,Logos de Sano,Campbell,72,,
281,chat,Itanpul,Lope,Nothing I am,63,"Warnke, Robert",
845c,wile sona,tp,madrigal,"kipo, sewe",37,,
21,wile sona,-,"Madrigal, Nelso Perez","Clifford, John; Ganachaud, Serge",40,,
24,vignette,love,"Madrigal, Nelson Perez","Mittelstadt, Piotr",71,,
713,chat,joy of learning,"Madrigal, NelsonPerez","kipo, sew",40,,
1245,translation,LotR start,magbaad,"balsong, contrum",575,,
1246,transation,old man and sea start,magbaad,-,245,,
39,poem,traveler's musing,Mali,-,129,,
87,chat,send a muse,Mali,-,14,,
170,vignette,cloak of sunbeams,mali,-,326,,
198,poetry,drinking song,mali,-,63,,
295,chat,mu,mali,wiki,32,,
319,translation,"poem,All is clam",mali,ordare,66,,
551,discussio,good life,mali,"sewe, kipo",271,,
552,announcement,video,mali,"sewe, kipo, watson, noel earl; chvs,louis;",160,,
620,announcement ,evildea,mali,-,53,,
645,chat,why pu,mali,milo,151,,
658,poetry,fruit,mali,-,21,,
662,announcement,ikatan,mali,`,33,,
756,question,where contest,mali,sewe,122,,
783,poetry,linear poems,mali,-,48,,
960,fun,nation states,mali,waldron,33,,
963,chat,dreams,mali,"ddii, tihonov, jona",103,,
1070,announcement,translation group,mali,"glottalstop, balsong, ysadamsson, nakwneit, Oostelbos, vincent",138,,
1080,maxim,physics,mali,ysadamsson,76,,
1081,question,craftlang/minecraft,mali,"thechuff, spacenut42",178,,
1232,announcement,video hard hole,mali,aridante,90,,
1233,tale,creation,mali,-,157,,
1243,poetry,song wish,mali,"tarandir, Lolli, Matheus; ????????? ? ??????? ??????4, Elbo, Max",178,,
1259,translation,rubiqu,mali,"kipo, shanoxilt",84,,
1270,translation,song crystals,mali,-,184,,
1054,question,proper names sp,"Manrique, marco",-,24,,
137,chat ,cookie,"Maow, Panojo; ","Kipo, Rimmel, Phillipe; Sewe",270,,
560,question,tp meeting,"Maow, Ponojo","Engelhardt, Sewe, Kipo",212,,
1177,tale,come again,marlin,"shina, male, blahma",143,,
807,status,olin,"Marti'nez, Victor Ma\rio",-,23,,
700,announcement,tp in spn,Martinea,"kipo, futrelle",40,,
251,trad,well-wishing,"Martinex, Thairon",-,18,,
253,vignette,Aiaek,Martinez,-,127,,
254,congrats,size,martinez,-,31,,
256,question,when learn tp,martinez,"sewe, hansberry, Moon,Hutton, rudin, jbs, conilinguist linguistics",366,,
139,dicussion,word pi,Mato,-,65,,
272,announcement,killing railroads,mato,"Woodman,John",48,,
292,joke,square animals,mato,"kipo, sewe, wiki",62,,
535,announcement,mother language,mato,-,66,,
536,announcement,hot coffee,mato,"Futrelle, Joe; Navarrete, Carlos; ",68,,
986,chat,secret language,mato,-,30,,
990,meme,useless tp,mato,learn useless tp,95,,
994,meme,sign,mato,"kipo,S^ehic', Delfi",22,,
1009,chat,conlang,mato,ki[o,105,,
1010,chat,pictures,mato,-,24,,
1028,chat,silent man,mato,schneider,50,,
1087,announcement,device for new,mato,astronavigator,13,,
1253,trad,live long,mato,kipo,59,,
1218,chat,"tp butts, russian",mausi,"tubelka, anonymous, negativeclock",510,,
1175,chat,crop circles,megafanat,wiko,51,,
855,vignette,skiiing,mile,-,46,,
150,"chat, ","rain, hot drinks",Miles,"kipo, Morelli, pilo",347,,
368,epic,Ali,miles,-,321,,
375,vignette,high country,miles,-,82,,
407,vignette,bus stop,miles,-,111,,
555,vignette,wedding,miles,"jona, kipo",116,,
572,vignette,blue angels,miles,"campbell, kipo, pilo",239,,
573,vignette,b'day music,miles,"mali,pilo, kipo",185,,
581,vignette,abort trip,miles,-,92,,
588,tale,atreus,miles,-,136,*,
732,poetry,song Mama don't like,miles,flear,219,,
760,poetry,poem water,miles,-,20,,
792,poetry,prayer,miles,-,92,,
828,question,good law,miles,kipo,17,,
845e,vignette,aborted trip,miles,-,93,,
882,vgnette,dream of red room,miles,"kipo, pilo",90,,
913,vignette,sleep under trees,miles,"kipo, sewe, jbs,mali",60,,
930,vignette,cat,miles,-,23,,
951,chat,20/04/2018,miles,kipo,207,,
987,vignette,new york,miles,"campbell, kipo",142,,
1273,translation ,descent to hell,miles,-,21,,
1319,translation,leguin revolution,miles,-,136,,
1324,precis,iliad,miles,-,121,,
1325,tale,transfiguration,miles,-,145,,
128,chat,Islam,"MIles, Marcus",Campbell,57,,
197,discussion,Islam,"Miles, Marcus",-,36,,
277a,vignette,food pantry,"Miles, Marcus","jbs, Kipo",113,,
360,chat,jan olin,"MIles, Marcus",-,11,,
530,vignette,bad cat,"Miles, marcus",-,59,,
532,vignette,cats,"Miles, Marcus",-,27,,
676,intro,mako,"Miles, Marcus","tikhanov, campbell, kipo,hansberry",499,,
203,translation,song Joshua fit,"Miles,Marcus",-,24,,
490,vignette,unpa,"Miller, Rick","Vorobey, Andrey",220,*,
491,vignette,Wisconsin,"Miller, Rick",megafanat,349,,
1127,discussion,Piraha~,"Miller, Rick","pusa, pne, sewe, fusiongyro",227,,
53,maxim,fight the bosses,"Mims, Anthony",-,6,sitelen sitelen,
848,maxim,church of satan,"Mims, Anthony",-,151,,
195,fun,D&d scenario,Mimsa Anthony,"Rais, Irfan",255,sp,
906,chat,pon,"Mishra, Raj","sewe, tihonov",21,,
1018,maxim,pizza,mitchell,-,7,,
1016,chat,movie night,"Mitchell, david",-,10,,
267,translation, Helen167-178,moniz,-,109,Euripides,
331,question,word spaceshipe,moniz,"rhine-davis, zonzeani, sew",148,*,
350,poetry,silence,moniz,-,39,,
353,chat,juice,moniz,sala,32,,
357,chat,sweet spice,moniz,"sewe, organ",83,,
384,chat,argument,moniz,-,27,*,
397,poem,auto sale,moniz,moreira,258,,
408,poem,everything,moniz,-,121,not finished,
825,question,german card,moniz,-,7,,
1035,intro,morales,"morales, jauwer",moreira,23,,
1,status,2 books,"Morante, Kiah",-,50,,
382,maxim,love bad,Moreira,"sala, raaberg",67,*,
428,fairy tale,waterlily,moreira,-,228,,
717,chat ,teaching tp,moreira,kipo,140,,
177,fairy tale,moon water flower,Moreiro,"Morelli, Kipo, Tikhanov",221,,
158,vignette,use Engish,Morelli,pilo,43,,
927,vignette,cat,Morelli,"Hickerson, campbell, jona, sewe",152,,
45,poem,hot air,"Moreno, Said",-,11,,
49,poem,now I like,"Moreno, Said","Eads, Andrew; Andree, Devan",54,,
993,maxim,ukelele,morgenroth,-,19,,
1291,translatio,presocratics,morgenroth,pilo,208,,
619,announcement,language of mosnters,"Morgenroth, Severin Yasmine",kipo,63,,
759,poetry,3 haiku,"moss, erin",kipo,33,,
1173,intro,jan pipi,mr buggie,wiko,110,,
11,meme,good food,"Mu""ller, Andre","Pelletier, Francis",41,,
16,chat,zebras,"Muial/, Mikol/aj","Ganachaud, Serge",18,,
873,vignette,box of balls,"Murr, Magnus"," ??? , sala",34,,
152,status,off and on,Musial,"Sewe, Kipo, jbis",300,,
897,chat,girl's eyes,musial,"pilo, kipo, hrafn, sewe",110,,
1011,vignette,gig,musial,zadworny,69,,
1050,maxim,waste time,musial,-,17,,
1258,trad,"take,eat",musial,campbell,53,,
9,whence? ,-,"Musial/, Mikol/aj",Kipo,11,,
647,intro,Deryk,"Nagengast, Deryk",-,13,,
527,intro,Ana,Nankazz,"aethercrux, impgristle, fritzvd",298,,
1001,trad,NY,Navarrete,chs,10,,
147,definition,"cat, dog","Navarrete, Carlos, sotan, Hess,Zachary",,58,,
1220,translation,thepropjhet,negative clock,"uranium_cranium, sewe",425,incomplete,
1153,announcement,video,negativeclock,sewe,36,,
1158,translation,hebrew dick joke,negativeclock,"vorobey, tubelka, anonymous",160,,
1159,announcement,new video,negativeclock,"arono, mausi, sewe",196,,
1160,announcement,video,negativeclock,mybodymycoffin,46,,
1164,announcement,video,negativeclock,"bara, anonymous,josan, kamarDO",170,,
160,definition,word after,"Nichols, John",-,52,,
1037,question,good like,"nichols, john",-,64,,
1260,maxim,Ibsen,"Nichols, John",-,33,,
269,vignette,giving blood,niko,"sewe, eads, Leclerq,Jean-Marc",170,,
343,vignette,disaster coming,niko,kipo,156,,
343a,vignette,disaster coming,niko,"kipo, Brown, Chase; campbell",156,,
400,fairy tale,squirrel,niko,-,338,,
470,dsicussion,oral tp,niko,"taylor, ddii, wiki, sewe",162,,
656,announceent,video,niko,"campbell, sotan",57,,
663,announcement,read tp,niko,campbell kipo,114,,
664,announcement,new tale,niko,-,30,,
668,announcement,spoken tp,niko,"jona, ddii",42,,
757,poetry,poem night walk,niko,"puddu, hansberry, sewe moreira",147,,
854,intro,rheanna,niko,"kipo, campbell, sala",96,,
856,tradition,hapy ny,niko,sala,16,,
949,chat,trump,niko,hansbeerry,17,,
950,chat,power suit,niko,"campbell, kipo, tikhonov",159,,
952,chat,sexlesss religio,niko,"kipo, hansberry, ",257,,
1116,discussion,tp and lojban,niko,sewe,356,,
1117,discussion,dreams of Kuroswa,niko,"fridman, ren_sora, sowelikap11, ",320,,
1031,translation,song Lucky man,noodlenod,la-taun,40,,
677,intro,andy,"Nousen, andy","richardson, matthew",56,,
932,fun,riddle,"Nousen, Andy","mali,pikero, kipo, sewi",231,,
465,chat,minion,ocks,kipo,107,,
297,question,Discord,ordare,morante,218,,
328,mem,no caps,ordare,musial,12,,
332,meme,no caps,ordare,-,9,,
396,announcement,demlan,ordare,ddii,169,,
724,discussion,sonja & fighting,ordare,sewe,244,,
726,meme,tp & else,ordare,r-d,30,,
1327,translation,pound,ordare,-,55,,
273,translation,"poetry, At First","Ordare, Ruth",martinez,126,"Walker, Alice",
365,maxim,ocean,organ,-,21,*,
405,chat,good id good,organ,ddii,32,,
339,chat,meadow,"Organ, Jon","campbell, jbs",98,,
1002,meme,lukin ike,orres de la cruz,-,14,,
310,announcement,new language,Osborne,-,25,,
236,intro,etemun,"Osborne, Edmund","rudin, jona, wiki, Hansberry, sala, eads, jbs",189,,
180,translation,epic Gilgamesh and Enkidu,ote,"ante, mali, kipo",1827,,
1226,translation,first people,ote,-,400,,
1137,translation,start of Harry Potter,ozefroze,sewe,289,,
1146,chat,little countries,ozefroze,"fridman, pusa",95,,
1154,question,chatroom,ozefroze,narfee,47,,
1156,vignette,dead fish,ozefroze,"negativeclock, sonja, sewe",213,,
78,review,pu,p2p editor,Open-Username,7,,
1240,question,tp library,pacificnwtreeoctopus,-,47,,
921,joke,wawa,"Padovo, Enriko","musil, gorza, mali, joop, sewe",107,,
505,maxim,money,palaman ,mato,62,,
481,chat,sleep,palkeo,"nowa, kipo",28,,
442,intro,fuentes,pan,"tana,nowa,kipo",150,*,
689,intro,teteu,"Panda, Teteu","sewe, jbs, wiki",75,,
6,intro,pen pal request,Pansiko,-,127,Francisco Fuentes,
122,intro,"ni, e","Parker, Deano",-,38,,
167,status,what do,"Parker, Deano","jbs; Campbell; Howlett, Eads; Kra""mer, Nicole",172,,
352,translation,Rings,"Peeduma""e, Ader","kipo, ddii, niko, wiki",213,Ante,
615,question,new lang,"Pelletier-Fraser,Francis",kipo,31,,
528,vignette,cats,"Pendragonne, Atalanta",spacenut42,59,,
219,chat,mi toki jan,peridot,"jbs, eads, kipo",35,,
221,vignette,Namane,peridot,"morelli, kipo, jbs",133,,
232,question,bad word unpo,peridot,ddii,46,,
217,chat,jan pona,peridot XH,sala,8,,
218,chat,mi olin,peridot XH,"musial, kipo",103,,
683,intro,renato,"piereck, renato","kipo, campbell, ??? , mile, pilo, jba, hansberry",283,"ss, sp",
169,translation,B Matt: 5-7,Pije,"pilo, mali, kipo",2697,Sermon on the Mount,
14,translation ,B Ps 51:1-12,Pilo,-,253,"Mittelstadt, Piotr",
149,discussion,change light joke,pilo,"sewe, ddii, kipo",583,,
190,translation,B Ps 51:1-12,pilo,-,243,,
743,discussion,word Pooh,pilo,"ddii, waldron,",160,,
872,discussion,large print,pilo,"kipo, hansberry",217,,
1280,translation,poe foundations,pilo,-,39,,
1297,discussion, conan/koan,pilo,"kipo, jona",436,,
57,wile sona,tp,pisces,-,13,,
58,status,know,pisces,-,9,,
59,greetings,-,pisces,socks,8,,
1132,trad,christmas,piskku,-,75,greekish,
1138,question,two eyes,piskku,"pusa, sewe",254,,
1148,intro,piskku,piskku,"cxielamiko, tot",100,,
968,chat,not ready to sleep,"Polc^jo, Rejsi",sewe,48,,
148,maxim,seek the light,"Polcjo, Rejsi",-,22,,
708,chat,telegram,"Portela, Rodrigo","kipo, ",96,,
935,announcement,ISO qtp,"Portela, Rodrigo","Manrique,Marco; kipo",143,,
181,translation,B Gen 11:1-9,"Proudhomme, Yves; Stephen Pope","kipo, mali, pilo",258,Tower of Babel,
769,poetry,poem long ago,puddu,"sewe, jbs",144,,
1020,chat,warehouse job,punter,-,14,,
92,chat,earache,"Punter, Michael","Kipo, Mato",40,,
1000,trad,new years,"Punter, Michael","kipo, Crespin, Matteo",59,,
1014,chat,Andre Rieu,"Punter, Michael",-,11,,
172,poetry,jan Pusa,pusa,-,386,,
325,maxim,olin jan,pusa,-,9,several scripts,"Vrizcraya, Leo"
346,poetry,love?,pusa,-,552,,
496,vignette,loto,pusa,-,101,,
498,vignette,Corazon Aquino,pusa,-,180,*,
643,chat ,why tp,pusa,"wiki, kipo",77,,
751,poetry,pusa forgotten,pusa,-,699,,
785,poetry,"poems, haiku",pusa,-,157,,
789,poetry,poem someon like you,pusa,-,107,,
1017,announcement,pusa songs,pusa,kipo,53,,
1092,vignette,bad coworker,pusa,-,43,,
1095,chat,children,pusa,sewe,56,,
1096,vignette,school,pusa,"kipo, ante, anonymous,",,not finished,
1097,question,jobs,pusa,"pne, sewe,toto1980, boets",263,,
1113,chat,little work,pusa,toto1980,92,,
1114,chat,kulosa,pusa,"niko, toto1980",106,,
1115,chat,don't talk,pusa,"niko, anonymous, sewe",109,,
1118,discussion,dead group/lang,pusa,"cxielamiko, sewe, ozefrozw, niko",122,,
1119,announcement,tp mag,pusa,vorobey,73,,
1120,chat,listening exercise,pusa,"anonymous, ren_sora, pne",141,,
1121,discussion,tp change,pusa,"fridman, anonymous",227,,
1125,question,what lang for poems,pusa,-,54,,
1126,chat,talking at distance,pusa,"cxielamiko, sewe, ozefroze",117,,
1128,chat,listening game,pusa,sewe,38,,
1131,trad,christmas,pusa,RDMILLER3,108,,
1133,chat,kart games,pusa,"sewe, ozefroze",153,,
1134,chat,pokemon names,pusa,"sewe, ozwfroze",376,,
1136,discussion,boxing and nations,pusa,"ozefroze, sewe, anonymous",553,,
1139,vignette,great grandmother,pusa,fridman,57,,
1140,chat,no resonse,pusa,"goulo, sewe",69,,
1142,vignette,finishing school,pusa,"fridman, akesi_ante_kule, anonymous",232,,
1144,"complaint,","bad. mouthing tp, number",pusa,"cxielamiko, toto, sewe",164,,
1145,complaint,nobody writes,pusa,"sewe, akesi_ante_kule, ozefrozw",181,,
1150,poetry,poem looking,pusa,-,69,,
1151,chat,snakes,pusa,"fridman, sewe",380,,
1152,intro,pusa,pusa,sewe,249,,
1157,question,dark poetry for children,pusa,negativeclock,33,"Golani, Daniel?",
1163,chat,soft sweet food,pusa,sewe,61,,
1222,poetry,poem alone,pusa,ozefroze,51,,
1223,recipe,green oyster sauce,pusa,"sewe, ozefroze",523,,
1224,question,about you,pusa,-,44,,
1225,format,answers,pusa,sewe,264,,
1229,poetry,poem i want you,pusa,"salikh, sewe",173,,
1093,trad,xmas,pusa ,sewe,29,,
500,"vignette,","office, corrections",pusa pimeja,"kipo36, ante",379,,
176,vignette,king oleg,"Pushkin, elepnato","ote, josan, jan-ante, kipo, pilo, mali",275,,
1004,maxim,waste time,"putnam, nh",kipo,9,,
1219,intro,tawi,qiorox,negativeclock,122,,
55,translation,lyrics Bohemian rhapsody,Queen,"William, Henry; Sewe, van Hauw,Lynn",613,not finished,
598,chat,oral discord,r-d,"kala, ordare,moreira, kipo",147,,
636,maxim,square root of 2,r-d,-,14,,
727,chat,stages of tp,r-d,ordare,190,,
403,vignette,floods,r-r,"jsb, sala",161,,
1061,vignette,aradox,"raftery,dave",-,42,,
275,intro,Markus,"Ranki, Markus","jbs, campbell, sala ddii,sewe eads, wiki",119,,
1165,chat,buttocks,rdmiller,negative clock,65,,
1168,announcement,help with pu,rdmiller,"negativeclock,kamarado",171,,
1217,vignette,long ago,rdmiller,-,88,,
673,intro,hannah,"Read, Hannah","campbell, Michael, elis; miles, kipo, becan, cools, Sigmon, Emily, Hale, Serin; Lair, Gretchin; pilo",179,,
686,intro,Hannah,"Read, hannah","campbell, michaels, elise; miles, becan, cools, sigmon, Hale,serin; kipo, Vieira, tiago; ",96,,
1122,chat,child mother,ren_sora,-,50,,
1124,intro,Kio,ren_sora,"fridman, sonja, sewe, pusa",433,,
237,translation ,to be or not,resmer,"kipo, sewe",83,work,
202,chat,review Alien Covenant,"Resmer, Matt",mali,280,,
1247,maxim,winter,"Retana, edgaro,'Neg^a""",-,4,,
309,poetry,mi awen lon,Rhine-Davis,kipo,427,not finished,
315,vignette,elements,rhine-davis,-,112,,
311,question ,word sit,"rhine-davis, ","kipo,jbs",89,,
1300,meme,know nothing,rimmel,"kipo, robins",64,,
916,chat,urine drinking,"Rimmel, Phillippe","kipo, Alvarado, Eduardo, jbs",43,,
514,vignette,mosquitoes,"Robins, Crostoferaldini",-,82,,
401,meme,scooby-doo,rodriguez-russo,-,46,,
36,discussion,"""laso kala"" ","Ronaszeki, Daniel","Sotan; Sokolowski, Kacper; Richardson, Matthew; Kipo",144,not finished,
1310,question,translation,"Rudenko, Vadim",kipo,31,,
233,chat,"spring, word use",rudin,wiki,105,,
249,teaching,"childre, akido",rudin,"jbs, sala, eads, contingent linguistics",174,,
227,intro,tenilusin,"Rudin, Dennis",campbell,19,,
1235,translation,poem long ago,sakon wiolen,"kute, mato",186,,
40,vignette,cat tattoo,Sala,Sewe;,106,,
63,vignette,ornaments,Sala,Sewe,97,,
214,vignette,owls,sala,"campbell, resmer,carrasco",58,,
258,question,name Night Vale,sala,sewe,42,,
259,joke,kala,sala,sewe,57,,
262,qestion,word taw/lon,sala,"marinez, sotan, sewe,",220,,
287,translation,poetry Night Vale,sala,sewe,169,,
307,chat,memrise,sala,-,6,,
317,chat,cat light,sala,-,28,,
359,joke,crazy water,sala,sewe,41,,
376,announcement,new word,sala,-,32,,
575,vignette,cat bites,sala,"campbell, ??? , kipo",130,,
590,vignette,sarah's cat,sala,"moreira, englehardt",112,,
688,greeting,head nessing,sala,ssii,27,,
761,poetry,poem mi awen ala,sala,"Guimara""es",97,,
826,vignette,cat,sala,"kra""mer,sewe",110,,
830,vignette,lorelei,sala,sewe,66,,
845b,chat,new years plans,sala,"jbs, Keller,Evert, kipo, mali",166,,
845d,vignette,cat gifts,sala,-,50,,
857,vignette,cat and Jesus,sala,"engelhardt, jbs,kipo",256,,
1320,translation,song that person,sala,-,176,,
740,translation,song from Mulan,same,-,331,,
1274,translation,Harlem,sasin (asuwa),-,133,,
404,chat,morse code,sasser,-,9,morse code,
767,poetr,poem mi pu,sasser,"jona, kipo",272,,
402,poem,if I were fire,satirani,-,134,Keko?,
395,intro,satirani,"satiranit,Daniele vacon",campbell,23,,
1026,maxim,klinon insult,"schenider, stephan",-,13,,
1019,chat,saturday,"schinella, eleonora","kipo, sewi",139,,
938,prayer,jesus,schmidt,-,9,,
943,chat,"planes, sci-fi",schmidt,"kipo, gorza, pilo",22,,
1285,translation,paternoster,"schmidt, samuel",kipo,77,,
1287,translation,Neo,schneider,-,127,,
1330,translation,song cold night,schneider,-,40,,
1335,translation,song heavy,schneider,-,11,,
193,chat,eating,"Scrheiber, Brett","Cools,Brian, Kotwia, Wojciech; Kotwica, Misha; jbs",46,,
473,chat,"etc, computers",see 472,,1434,,
358,intro,sijen,"Serrano, Jervick, Hsien","Hansberrry, jbs, sala",141,,
41,discussion,citation rule,Sewe,Mali,27,,
77,maxim,look it up,Sewe,-,20,,
80,criticis,word lists,Sewe,-,72,,
165,vignette,ice cream,sewe,,60,,
229,chat,Trump,sewe,"Kotwica, Hnasberry, Wiki",135,,
502,vignette,Dubai,sewe,anonymous,202,,
504,vignette,cartwheel,sewe,-,68,,
506,vignette,monet,sewe,-,52,,
601,chat ,timeline,sewe,mali,51,,
650,chat,st theory,sewe,kipo,51,,
719,chat,tp is good for you,sewe,"niko, hansberry",222,,
742,discussion ,"names, facebook and words",sewe,"zouzalik, kipo,jsb, jona, pilo",601,,
827,vignette,statue of liberty,sewe,campbell,412,,
840,vignette,pinup,sewe,-,35,,
911,dicussion,symbols,sewe,"kipo, pilo",643,,
1086,trad,NY,sewe,anonymous,33,,
1088,vignette,eclipse,sewe,janmate,75,,
1089,trad,ny,sewe,janmate,81,,
1091,vignette,eclipse,sewe,phrenk,49,,
1094,chat,moon water,sewe,-,30,,
1100,vignette,eclipse,sewe,-,94,,
1101,discussion,"moon walk, nasa",sewe,oyd11,125,,
1104,chat,tetris,sewe,"toto1980, anonymous",117,,
1106,chat,mary cassatt,sewe,ozefroze,114,,
1107,chaat,kinkajpou,sewe,"niko,ozefroze",140,,
1123,chat,"eo, interlingua",sewe,ozefroze,78,,
1221,translation, pusa apology,sewe,uranium_cranium,102,,
1103,discussion,Michael Jackson,"sewe,","fridman, pusa",111,,
1170,status,use tanpo,shinan,-,24,,
1176,tale,mebbe,shinan,"lomeo, blahma",335,,
1181,chat,get to know,shinan,-,15,,
1209,translation,ddj1,shinana,-,169,,
285,Cricism,broken link,"Shippey, Sam",-,10,,
412,chat,broken chair,sijen,"jbs, moreira, sala, r-d",197,,
1203,tale,Gunho,"Sikisi, Telepi",-,1175,,
1202,chat,smut,"sincerebro, matt",-,19,,
474,chat,intros,sitepan,"ffuentes,same, peka, nowa",115,,
1179,intro,sitnarf,sitnarf,negativeclock,7,,
917,trad,b'day,"Smith, Mickey","mali, sewe",46,,
1337,translation,manifesto,"smolny, tomas",-,39,,
1005,greeting,snow,"snow, robert",kipo,12,,
448,meme,I father,sock,"WanLome, Sota",64,,
60,chat,"tp,sit pon",socks,"piscs; Doggaz, oy m9",123,sp,
447,chat,Confucius,socks,-,16,,
449,question,why Discord?,socks,-,28,,
451,chat,teaching,socks,kala,163,,
456,chat,writing systems,socks,kala,62,,
458,chat,mi wile,socks,doggaz,42,sp,
463,chat,what languaage,socks,lasukan,167,,
468,chat ,discord discord,socks,"contrum, kipo",129,,
461,chat,red socks,"socks, ",lasukan,107,,
115,definition,computer,Sokolowski,"Lytle, Steven; pilo",27,,
422,maxim,ali i pona,sokolowski,"steinke, chase, musial, Kote,Rwt",59,calligraphy*,
166,chat,good people,Sokolowsky,jbs,59,,
35,chat,tattoo,"Sokolowsky, Kacper","Kipo; Sewe; Engelhardt Joseph Gary; William, Henry",65,,
302,chat,rubik cube,"soley, aaron","sewe, Rhine-Davis, Andre'",39,,
121,chat,tp,Sonja,-,25,,
608,chat ,sonja's love,sonja,"mali, ????? ???, Federova, anna, Miles, Lê Hoàng Kim D??ng , Morel-Fourrier, Ke'vin, Calev",82,,
958,greeting,all crazy,sonja,"pelletier, mali, kim",52,,
1027,announcement,game by Lang,sonja,"tihonov, sotan, kipo",47,,
476,chat,facebook,soprano,nowa,99,,
478,chat,good night,soprano,"nowa, darfeld",35,,
61,chat,"music, booze, pot",sota,socks; kala,120,,
62,chat,marijuana,sota,"kala, kipo",59,,
4,status,"invitation, encouragement",Sotan,Elena Khusanova,161,Zoltan Garza,
38,announcement,music,Sotan,Kipo,200,not finished,
196,discussion,differences,sotan,jbs,44,,
340,translation,poem Hand of Gold GoT,Sotan,-,67,GoT,
399,poem,words,sotan,-,185,,
522,vignette,sleep,sotan,kipo,47,,
524,announcement,music night,sotan,"Rodriguez, Maria; doug b; Erixon, gabriel; HWF",120,,
533,maxim,being good,sotan,-,19,sp,
538,poetry,"gloom, hope",sotan,mali,156,,
579,discussion,meeting a tper,sotan,"campbell, sala, kipo,tihonov, mali, hansberry, Calev, Kobi Kai",389,*,
730,announcement,music,sotan,-,68,,
733,maxim,time death,sotan,-,7,,
737,poetry,songs olin ali,sotan,tihonov,450,,
739,poetry,song poker,sotan,-,42,,
776,announcement,sotan site,sotan,-,59,,
777,announcement,sotan site,sotan,-,77,,
778,poetry,song little night music,sotan,-,190,,
779,poetry,song meli mi,sotan,-,195,,
780,poetry,song not everything,sotan,-,235,,
781,poetry,song little night music,sotan,-,527,,
782,poetry ,song Poke,sotan,-,336,,
788,poetry,hymn,sotan,-,125,,
902,status,sotan,sotan,"jbs, kipo",337,,
922,announcement,song box,sotan,-,87,,
947,vignette,walking,sotan,campbell.tikhonov,80,,
996,fun,adventure game,sotan,"mali, hess",,not finished,
1264,translation,song Vegszavak,sotan,-,45,,
1266,announcement,tp rap,sotan,"musial, hyett, campbell",131,,
1295,translation,castamere,sotan,-,69,,
822,question,tp device,sowelilili,-,71,,
797,chat,"ali/e, etc.",soweliPeka,"kipo,Loliko,",846,,
1242,tale,2 short,spacenut42,-,212,,
860,maxim,motto,"Spielmann, Rudolf-Lynn",-,4,,
65,fun,sentence game,sprosh,sproshua: linguistrose: AetherCrux: ila-taun; impgristle:,133,,
155,question,color color,sproshua,impgristle; soweli,99,,
518,fun,word game,sproshua,"namako, impgristle aethercrux, la-taun",565,,
521,fun,linked word game,sproshua,"la-taun, aethercrux",192,,
31,words mathematical,pi,"Steenblick, Rick",-,25,,
389,maxim,ali li pona,"Steinke, Konrad","chase, musial",38,calligraphy,
961,chat,coffee,stutz,"jona, kipo",107,,
1282,translation,one ring ,stutz,-,107,,
1182,intro,Juli,suiluj,"lomeo, amrok, ke",157,,
614,announcemnt,discord,"Sutton-Smolin, Noah",-,28,,
649,chat,kasi musi,"Svoboda, Roman",-,53,,
798,chat,etc,sweliPeka,kipo,296,,
1060,status,pu,swift,"stevenson, jon",13,,
597,meme,computer tp,"swift, paul","clarke, owain",57,,
1048,vignette,spider,"Swift, paul","Stafford-Baker-Thomas, fiona",39,,
1065,chat,fixing group,ta_b,"thechuff, mali",56,,
117,maxim,only now,Taylor,Sewe,82,,
118,translation,son Big Bang,Taylor,-,105,,
164,maxim,only now,Taylor,sewe,143,,
209,discussion,tattoo,taylor,"mali, San Nicolas, Angel Rios; van Hausen, Lynn; wiki, sala, Flear, Rosen, Simon",329,,
755,maxim,cean,taylor,-,19,,
844,chat,virtues of tp,taylor,"wiki, mreira, sewe",277,,
846,vignette,pizza,taylor,"englehardt, wiki, mali,hansberry",208,,
851,tradition,father,taylor,"sala, Sims,Zane; kipo",44,,
1205,translation,DDJ44,taylor,-,107,,
1206,translatio,ddj43,taylor,-,59,,
1204,translation,DDJ 46,"taylor,",flear,91,,
224,trnslation,DDJ 36,"taylor, ",wiki,84,not finished,ss
279,announcement,tp video game,"taylor, ","Parker,Deano; Morgantroth,Severin Yasmine; Smith, Ava",77,,
33,maxims,-,"Taylor, Geoffrey B.","Ganachaud, Serge;  Elliott, Marie; DiMercurio, dominick II",154,,
74,announcement,computer game,"Taylor, Geoffrey B.","Maow, Ponojo; Harness, John: Mali; Wiki",227,,
32,vignette,"pinapple maze, power","Taylor, Geoffrey Be.","Ganachud, Serge; Steenblick, Rick",103,,
835,discussion,toot brushing,tayor,"ddii, sotan, kipo, pilo",77,,
1302,meme,force with you,"The'paut, Mathieu","sewe, kipo",81,,
915,chat,bad,"The'paut,Mathieu",kipo,5,,
106,question,mi li,"Thomas, Stuart",as above,-,a cleaned up version of 105,
715,chat,languages,"thomas, stuart","engelhardt, pilo,kipo, brindle, sala",172,,
105,question,mi li,"Thomas, Stuart ","ddii; Kahn, Mark; van Hauwe, Lynn; ",205,not finished,
845h,discussion,wisija,"Thomas,stuart;","engelhardt, pilo, kipo, brindle, sala",174,,
584,tale,sepi 2,tibbett,-,176,not finished,
1321,translation,Anulintale,tibbetts,-,194,,
845j,tale,sepi 2,tibbetts john,-,176,,
1323,translation,anulintale 2,"tibbetts, john",-,213,,
712,chat,teaching aid,"tibbetts, jon","Silvestre, Justin",60,,
583,tale,sepi 1,"tibbrtt, jon",-,154,,
371,joke,kalama,tihonov,"sala , eads",67,,
398,vignette,new frien,tihonov,-,40,,
511,vignette,Ukrainia,tihonov,"kipo, akerkade,wojciech, Swift, Paul;",199,,
574,vignette,postal cats,tihonov,"kipo, wegesin",163,,
660,announcement,numbers in tp,tihonov,jona,40,,
753,status,body parts,tihonov,-,14,,
773,poetry,p0ems,tihonov,"kipo, pilo",65,,
774,poetry,poem color hair,Tihonov,"mali, Chernysheva, Vlada",197,,
845i,question,arrest,tihonov,"kipo, jbs",153,,
879,chat,yellow cats,tihonov,"campbell, duong",20,,
886,vignette,job interview,tihonov,"puddu, sewe, jona, pilo",174,,
1055,question,who pije,tihonov,"joop, pije",51,,
1058,maxim,instruction,tihonov,-,16,,
1059,vignette,lazy day,tihonov,wojciech,125,,
1269,vignette,water break,tihonov,-,48,,
1309,translation,reincarnation,tihonov,-,216,,
98,maxim,nuts use tp,"Tihonov, Sergey",-,25,,
557,meme,hulk cooks,tikhanonov,sewe,51,,
945,chat,liquid cat,tikhanov,kipo,99,,
19,meme,"balloon, vac","Tikhanov, Aleksey","Musial/, Mikol/aj; Tikhnov, Sergey; Elliott, Marie; Ganachaud, Serge",132,,
409,chat,views,tikhonov,-,34,*,
550,joke,how many cats,Tikhonov,-,149,,
562,vignette,old shirt,tikhonov,"littil hrafn, tihonov, sewe",158,,
641,discussion ,why tp,tikhonov,"hansberry,kipo",48,,
736,poetry,song mu,tikhonov,-,55,,
749,announcement,clock numerals,tikhonov,"brindle, moreira, kipo",128,,
829,vignette,come summer,tikhonov,sewe,45,,
831,discussion ,vegan cat food,tikhonov,"campbell, niko, sewe, misha",125,,
878,vignette,wake up,tikhonov,-,27,,
885,axim,mens sana,tikhonov,"misha, tihonov, gleb",81,*,
890,maxim,tree house,tikhonov,tihnov,34,,
884,chat,joke cup,tikhonov,-,10,,
908,discussion,desire,tikhonov,kipo,69,,
909,meme,watering rain,tikhonov,-,34,,
910,chat,aquarium,tikhonov,-,52,,
918,discussion,fixing head,tikhonov,"kipo, sewe, jona, ",346,,
928,discussion,Frodo jokes,tikhonov,"gleb, mali, sewe, pilo",282,,
929,chat,chld cleaning,tikhonov,"jona, sew, miles",72,,
934,chat,untoys,tikhonov,"kim,sewe",109,,
936,chat,dead snake,tikhonov,sewe,40,,
939,chat,bug eating plant,tikhonov,"waldron, pilo, stutz, sewe, kim, ",218,,
904,meme,two views,tikhonov,-,34,,
942,chat,dear diary,tikhonov,-,29,,
944,discussion,coffee good,tikhonov,"kipo, sewe, stutz",143,,
948,chat,sweet,tikhonov,"kipo, tihonov, ",213,,
1192,fun,puzzle,tikhonov,"sewe, kipo",82,,
531,tall tale,unter's tale,"Tikhonov, Alexey",kipo,179,,
941,vignette,mother,tikhpnov,-,32,,
1074,chat,thanks astrodonunt,timo timo,-,73,,
454,greeting,various,tjagotje,"kipo, akuna",102,,
1109,announcement,toki lili,tokipwner,"niko, ozefroze",51,,
153,question,tokitoki,Torres de la Cruz,-,26,,
1141,question,tp tee,toto,"fridman, anonymous",117,,
1143,chat,snow,toto,"o_jovem_luoco, akesi_ante_kule, pusa",289,,
750,criticism,luka seven,toto`980,"ozefroze, soweligap11",95,,
101,definition ,word ko,toto1980,"Sewe, toto; cxielamiko; sowelikap11",188,,
114,definition,word ko,toto1980,"sewe; cxielamiko, sowelikap, ",-,not finished,
499,chat,b'day & etymology,toto1980,"sewe, kipo36",766,,
768,poetry,poem my sleep song,"Vebek, Artem; Trzemecki, Gleb;",musial,53,,
220,fairy tale,goldilocks ,"Vincens, Cindy",jbs,587,,
630,tale,mother,"Viskubov, Alexey",-,144,,
693,status,dream,"Voight, Helmust",sewe,136,,
1112,chat,pictures by lena pipi,vorbey,oyd11,14,,
1110,chat,pictures,vorobey,sewe,88,,
1111,poetry,poem Neva,vorobey,"sonja, sewe, pusa",323,also pictures by len pipi,
1161,announcement,russian podcast,vorobey,-,24,,
1228,poetry,song blues,vorobey,"cxielamiko, sewe, niko, fridman, anonymous",410,,
1315,translation ,(frag) Yertle,Vowell,-,33,,
1313,meme,light out,"Vowell,Timothy",-,21,,
1039,question ,tp in Seoul,"Wakarahenhito, Nanimo","musial, pusa, kipo, pije,,Ju,Jaesung; ",125,,
591,chat,various locales,waldron,-,374,,
791,poetry,athem,Waldron,kip,364,,
959,announcement,ponaFT,waldron,tihonov,49,,
1043,program,-,waldron,-,37,,
1049,question,word monsuta,waldron,-,81,,
1052,chat,"learning, ponFT",waldron,-,49,,
1053,chat,right word,waldron,-,22,,
1252,poetry,children's songs,waldron,-,206,,
1256,translation,children poem,waldron,-,37,,
1329,translation,game red sword,waldron,-,128,,
1333,translation,song hello,waldron,-,161,,
108,definition,word monsiuta,"Waldron, Stephen",-,81,,
544,announcement,new movie,"Waldron, Stephen",-,31,,
612,discussion,racist post,ward-lee,-,47,,
701,chat,start WhatsApp,ward-lee,morelli,33,,
795,poetry,poemhappy tree,ward-lee,-,24,,
982,announcement,ircc,ward-lee,-,39,,
611,snnouncement ,whats app,"ward-lee, ruth",-,32,,
698,chat,irc,"Ward-Lee, Ruth","Ziolkowski, Blake; kipo",126,,
477,chat,"jobs, langs",waso,same,354,,
120,announcement,tp page,"Wauquier, Jeremy",-,60,,
94,intro,various,"Weges, Maxine","Pelepenosas, NJ; Engelhardt, Joseph Gary",23,,
790,poetry,poem seli suli,Wegesin,"kipo, Schmidt, Samuel",74,,
1064,chat,not good,"Weidman, Gregory",-,8,,
133,chat ,movie running man,"Weidman,Greg",Kipo,28,,
56,vignette,crazy dog,"Weinheimer, Lara","Wiki, Kipo",29,,
369,chat,tookiii,wesman,"Rodriguez-Russo, Carlos; ddii, Dunnewind, Martine",,,
370,chat,tl/dnr,wesman,-,147,,
377,proposal,stenography,wesman,"ddii, flear, niko, moreira, chaves",157,,
391,criticism,facebook names,wesman,-,171,,
637,chat,virtue of tp,wesman,-,23,,
638,discussion,improve tp,wesman,"kipo, Blaz^ek,Adam; r-d, sewe, moreira",630,*,
119,fun,telephone puzzle,Wiki,Mali,78,not finished,
138,discussion, number pi,wiki,-,125,,
192,chat,French election 2017,wiki,"campbell, sewe",130,,
286,chat,thanks,wiki,leclerq,32,,
291,vignette,kit & cake,wiki,"puddu, kramer",332,ss,
299,chat ,hawaiian leaves,wiki,sala,22,,
303,vignette,anniversary,wiki,"taylor,  rhine-davis, sala",83,,
347,discussion,"turtles, pi, sin",wiki,"sewe, organ, niko, ddii, kipo",232,,
718,chat,how find tp,wiki,"taylor, puddu, sala, wegesin, sewe",369,,
747,question,big numbers,wiki,engelhardt,120,,
748,announcement,big nmbers,wiki,-,22,,
752,poetry,2 poems,wiki,-,81,,
839,maxim,war,wiki,-,41,,
841,question,group asleep,wiki,"jbs, mato, sewe",52,,
849,translation,opening line,wiki,-,6,,
1172,complaint,no sleep,wiko,ke,115,,
653,greeting,women's day,william,-,6,,
15,meme,unpa Loompa,"William, Henry","Minns, Anthony; Smith, Cody",59,,
26,question,"animal names, sounds, fb translate","William, Henry","DiMercurio, Dominick II; Brown, Sarah;, Gorza, Zoltan;, Howlett, Chris; ",456,,
107,definition,"pona, moku","William, Henry","Hessjan, Zachary; Engelhardt, jooseph Gary",45,,
648,chat,memes,"William, Henry",ddii,52,,
690,intro,Enwija,"William, henry","campell, sewe, ddii, wiki, hansberry, puddu, sims, Zane; sala, mali, jbbs, kra""mer",1804,,
642,chat,why tp (Siju),"william,henry; ","wiki, flear",112,,
2,intro,2 languages,Wilo,-,43,,
666,announcement,book Linsi,"Wilson, Sam","Flear, kra""mer, wiki",182,,
284,question,disambiguate verb slot,Woodman,"ddii, jona, kipo",170,,
283,chat,intelligent life,"Woodman, John","ddii, jbs",140,,
998,into,Alexandra,"Yahnke, Alexandra","Baldwin, Joshua; kipo",161,,
1071,intro,"josi, commas",ysadamsson,"spacenut42, [deleteed]",532,,
380,question,olin..ala,Zacky,"jbs, Hansberry, Kiah,rhine-daavis, sala, cool",200,*,
379,question,what do,"Zacky, Mukhamad","jbs, Moreira, Raaberg,eads, Budek, Fleur",177,,
215,chat,teaching tp,"Zadworny, Piotrek","sewe, eads, pilo, musial",127,,
793,poetry,song ma ike,"Zadworny, Piotrek",mali,71,,
1257,poetry,poem storks,"Zadworny, Piotrek",-,45,,
1215,question,design save world,zenkov,shinana,111,,
1008,vignette,gooey candy,"ziolkowski, blake",-,25,,
1276,maxim,ram das,"Ziolkowski, Blake",-,12,,
529,discussion,tp flag,zmijugaloma,"janponamute, impgristle",304,,
624,chat,speaking tp,"Zouzalik, Va'claw","pilo, Hansberry, Khusanova, sewe",181,,
484,chat,corrections,zylviij,"?? ,nico, kipo",115,,
93,definitions,tp-tp,??????? ???????,Bell. Niko; ; DDII,204,,
1102,discussio,finland langs,?????? ??????,"Fridman, Michael; sewe, ozefroze",205,"Vorobey, Andrey",
523,chat,tp in eastern europe,?????? ???????,"Vasilyev, Fyodor; tihonov, Ferreira, Gustavo Faria; sotan, J^etkubo, Tomaso;",219,Ulipe,Delfi S^ehedic' = Tepi sikisi
482,chat,using japanese,??,"zylviij, kipo",133,,
453,status,ss,???,"ddii, kipo",43,ss,
874,discussion,"dogs, growls, etc.",???,"kipo, jbs, mali",138,,
1316,instruction,drawing blood,???,"mali, campbell, sala",266,,
72,,,,,,,
110a,,,,,,finished 110,
141,,,,,,messed up,
145,definition,strange animals,,,,not finished,
972,,,,,,not really started,
